1612488828.255753,Christopher,Fri 05 Feb 2021 01:33:52 +0000,7,7,49,2.643974781036377,True
1612488828.255753,Christopher,Fri 05 Feb 2021 01:33:53 +0000,7,11,77,1.3043270111083984,True
1612488828.255753,Christopher,Fri 05 Feb 2021 01:33:54 +0000,4,2,8,1.2599461078643799,True
1612488828.255753,Christopher,Fri 05 Feb 2021 01:33:56 +0000,11,5,55,1.5188210010528564,True
1612488828.255753,Christopher,Fri 05 Feb 2021 01:33:58 +0000,10,11,110,1.5977189540863037,True
1612488828.255753,Christopher,Fri 05 Feb 2021 01:33:59 +0000,11,8,88,1.5975773334503174,True
1612488828.255753,Christopher,Fri 05 Feb 2021 01:34:01 +0000,7,5,35,2.1484169960021973,True
1612488828.255753,Christopher,Fri 05 Feb 2021 01:34:03 +0000,2,6,12,1.619964838027954,True
1612488828.255753,Christopher,Fri 05 Feb 2021 01:34:05 +0000,1,8,8,1.6311910152435303,True
1612488828.255753,Christopher,Fri 05 Feb 2021 01:34:06 +0000,1,9,9,1.2601749897003174,True
1612488828.255753,Christopher,Fri 05 Feb 2021 01:34:08 +0000,2,3,6,2.2050256729125977,True
1612488828.255753,Christopher,Fri 05 Feb 2021 01:34:10 +0000,2,10,20,1.5299429893493652,True
1612488828.255753,Christopher,Fri 05 Feb 2021 01:34:14 +0000,7,6,42,3.9710938930511475,True
1612488828.255753,Christopher,Fri 05 Feb 2021 01:34:15 +0000,9,11,99,1.3952991962432861,True
1612488828.255753,Christopher,Fri 05 Feb 2021 01:34:18 +0000,7,8,56,3.453604221343994,True
1612488828.255753,Christopher,Fri 05 Feb 2021 01:34:20 +0000,7,10,70,1.54134202003479,True
1612488828.255753,Christopher,Fri 05 Feb 2021 01:34:22 +0000,3,9,27,2.2273731231689453,True
1612488828.255753,Christopher,Fri 05 Feb 2021 01:34:24 +0000,10,8,80,1.7997498512268066,True
1612488828.255753,Christopher,Fri 05 Feb 2021 01:34:25 +0000,5,1,5,1.327455997467041,True
1612488828.255753,Christopher,Fri 05 Feb 2021 01:34:28 +0000,7,9,63,2.317671060562134,False
1612488828.255753,Christopher,Fri 05 Feb 2021 01:34:37 +0000,12,11,132,1.856208086013794,True
1612488828.255753,Christopher,Fri 05 Feb 2021 01:34:47 +0000,8,6,48,9.303832769393921,True
1612488828.255753,Christopher,Fri 05 Feb 2021 01:34:50 +0000,11,11,121,3.00406813621521,True
1612488828.255753,Christopher,Fri 05 Feb 2021 01:34:52 +0000,7,12,84,2.632408857345581,True
1612488828.255753,Christopher,Fri 05 Feb 2021 01:34:56 +0000,3,12,36,3.2853598594665527,True
1612488828.255753,Christopher,Fri 05 Feb 2021 01:34:57 +0000,8,11,88,1.3385589122772217,True
1612488828.255753,Christopher,Fri 05 Feb 2021 01:34:58 +0000,5,1,5,1.102329969406128,True
1612488828.255753,Christopher,Fri 05 Feb 2021 01:35:00 +0000,10,9,90,1.4852540493011475,True
1612488828.255753,Christopher,Fri 05 Feb 2021 01:35:01 +0000,5,11,55,1.3497731685638428,True
1612488828.255753,Christopher,Fri 05 Feb 2021 01:35:02 +0000,3,11,33,1.1698980331420898,True
1612488828.255753,Christopher,Fri 05 Feb 2021 01:35:04 +0000,11,7,77,1.6762046813964844,True
1612488828.255753,Christopher,Fri 05 Feb 2021 01:35:06 +0000,7,12,84,2.452526092529297,True
1612488828.255753,Christopher,Fri 05 Feb 2021 01:35:09 +0000,9,12,108,2.5655291080474854,True
1612488828.255753,Christopher,Fri 05 Feb 2021 01:35:12 +0000,4,9,36,3.7683730125427246,True
1612488828.255753,Christopher,Fri 05 Feb 2021 01:35:14 +0000,10,10,100,1.946159839630127,True
1612488828.255753,Christopher,Fri 05 Feb 2021 01:35:16 +0000,1,7,7,1.2599670886993408,True
1612488828.255753,Christopher,Fri 05 Feb 2021 01:35:18 +0000,9,6,54,1.8787860870361328,True
1612488828.255753,Christopher,Fri 05 Feb 2021 01:35:20 +0000,3,5,15,2.0024027824401855,True
1612488828.255753,Christopher,Fri 05 Feb 2021 01:35:23 +0000,6,12,72,3.003931999206543,True
1612488828.255753,Christopher,Fri 05 Feb 2021 01:35:24 +0000,8,9,72,1.6199851036071777,True
1612489578.0930119,christopher,Fri 05 Feb 2021 01:46:20 +0000,5,1,5,1.2370281219482422,True
1612489578.0930119,christopher,Fri 05 Feb 2021 01:46:22 +0000,7,12,84,2.598505973815918,True
1612489578.0930119,christopher,Fri 05 Feb 2021 01:46:25 +0000,8,3,24,2.2837600708007812,True
1612489578.0930119,christopher,Fri 05 Feb 2021 01:46:27 +0000,7,5,35,2.5650148391723633,True
1612489578.0930119,christopher,Fri 05 Feb 2021 01:46:28 +0000,6,2,12,1.1360809803009033,True
1612489578.0930119,christopher,Fri 05 Feb 2021 01:46:30 +0000,9,6,54,1.7890422344207764,True
1612489578.0930119,christopher,Fri 05 Feb 2021 01:46:32 +0000,3,9,27,2.0698750019073486,True
1612489578.0930119,christopher,Fri 05 Feb 2021 01:46:34 +0000,12,2,24,1.9802238941192627,True
1612489578.0930119,christopher,Fri 05 Feb 2021 01:46:36 +0000,5,10,50,1.4628441333770752,True
1612489578.0930119,christopher,Fri 05 Feb 2021 01:46:37 +0000,5,2,10,1.4169220924377441,True
1612489578.0930119,christopher,Fri 05 Feb 2021 01:46:39 +0000,9,2,18,1.8785288333892822,True
1612489578.0930119,christopher,Fri 05 Feb 2021 01:46:51 +0000,8,9,72,12.015060901641846,True
1612489578.0930119,christopher,Fri 05 Feb 2021 01:46:53 +0000,12,7,84,2.497533082962036,True
1612489578.0930119,christopher,Fri 05 Feb 2021 01:46:55 +0000,8,11,88,1.6990249156951904,True
1612489578.0930119,christopher,Fri 05 Feb 2021 01:46:59 +0000,7,9,63,3.599775791168213,True
1612489578.0930119,christopher,Fri 05 Feb 2021 01:47:02 +0000,7,3,21,3.600338935852051,True
1612489578.0930119,christopher,Fri 05 Feb 2021 01:47:05 +0000,8,5,40,2.8010010719299316,True
1612489578.0930119,christopher,Fri 05 Feb 2021 01:47:07 +0000,7,1,7,1.5070958137512207,True
1612489578.0930119,christopher,Fri 05 Feb 2021 01:47:08 +0000,2,10,20,1.687727928161621,True
1612489578.0930119,christopher,Fri 05 Feb 2021 01:47:10 +0000,9,9,81,1.8451409339904785,True
1612489578.0930119,christopher,Fri 05 Feb 2021 01:46:20 +0000,5,1,5,1.2370281219482422,True
1612489578.0930119,christopher,Fri 05 Feb 2021 01:46:22 +0000,7,12,84,2.598505973815918,True
1612489578.0930119,christopher,Fri 05 Feb 2021 01:46:25 +0000,8,3,24,2.2837600708007812,True
1612489578.0930119,christopher,Fri 05 Feb 2021 01:46:27 +0000,7,5,35,2.5650148391723633,True
1612489578.0930119,christopher,Fri 05 Feb 2021 01:46:28 +0000,6,2,12,1.1360809803009033,True
1612489578.0930119,christopher,Fri 05 Feb 2021 01:46:30 +0000,9,6,54,1.7890422344207764,True
1612489578.0930119,christopher,Fri 05 Feb 2021 01:46:32 +0000,3,9,27,2.0698750019073486,True
1612489578.0930119,christopher,Fri 05 Feb 2021 01:46:34 +0000,12,2,24,1.9802238941192627,True
1612489578.0930119,christopher,Fri 05 Feb 2021 01:46:36 +0000,5,10,50,1.4628441333770752,True
1612489578.0930119,christopher,Fri 05 Feb 2021 01:46:37 +0000,5,2,10,1.4169220924377441,True
1612489578.0930119,christopher,Fri 05 Feb 2021 01:46:39 +0000,9,2,18,1.8785288333892822,True
1612489578.0930119,christopher,Fri 05 Feb 2021 01:46:51 +0000,8,9,72,12.015060901641846,True
1612489578.0930119,christopher,Fri 05 Feb 2021 01:46:53 +0000,12,7,84,2.497533082962036,True
1612489578.0930119,christopher,Fri 05 Feb 2021 01:46:55 +0000,8,11,88,1.6990249156951904,True
1612489578.0930119,christopher,Fri 05 Feb 2021 01:46:59 +0000,7,9,63,3.599775791168213,True
1612489578.0930119,christopher,Fri 05 Feb 2021 01:47:02 +0000,7,3,21,3.600338935852051,True
1612489578.0930119,christopher,Fri 05 Feb 2021 01:47:05 +0000,8,5,40,2.8010010719299316,True
1612489578.0930119,christopher,Fri 05 Feb 2021 01:47:07 +0000,7,1,7,1.5070958137512207,True
1612489578.0930119,christopher,Fri 05 Feb 2021 01:47:08 +0000,2,10,20,1.687727928161621,True
1612489578.0930119,christopher,Fri 05 Feb 2021 01:47:10 +0000,9,9,81,1.8451409339904785,True
1612489578.0930119,christopher,Fri 05 Feb 2021 01:48:07 +0000,9,1,9,1.2037549018859863,True
1612489578.0930119,christopher,Fri 05 Feb 2021 01:48:09 +0000,8,9,72,2.0362560749053955,True
1612489578.0930119,christopher,Fri 05 Feb 2021 01:48:12 +0000,12,12,144,3.161257028579712,True
1612489578.0930119,christopher,Fri 05 Feb 2021 01:48:14 +0000,5,5,25,2.4300150871276855,True
1612489578.0930119,christopher,Fri 05 Feb 2021 01:48:17 +0000,8,3,24,2.7906320095062256,True
1612489578.0930119,christopher,Fri 05 Feb 2021 01:48:19 +0000,11,5,55,2.148024797439575,True
1612489578.0930119,christopher,Fri 05 Feb 2021 01:48:21 +0000,11,9,99,1.496230125427246,True
1612489578.0930119,christopher,Fri 05 Feb 2021 01:48:22 +0000,9,9,81,1.7662279605865479,True
1612489578.0930119,christopher,Fri 05 Feb 2021 01:48:24 +0000,11,6,66,1.417517900466919,True
1612489578.0930119,christopher,Fri 05 Feb 2021 01:48:26 +0000,7,12,84,1.9911680221557617,True
1612489578.0930119,christopher,Fri 05 Feb 2021 01:48:28 +0000,12,7,84,2.4749889373779297,True
1612489578.0930119,christopher,Fri 05 Feb 2021 01:48:30 +0000,2,9,18,1.6876659393310547,True
1612489578.0930119,christopher,Fri 05 Feb 2021 01:48:32 +0000,10,12,120,1.6649341583251953,True
1612489578.0930119,christopher,Fri 05 Feb 2021 01:48:35 +0000,9,4,36,2.8350400924682617,True
1612489578.0930119,christopher,Fri 05 Feb 2021 01:48:37 +0000,4,4,16,2.7112200260162354,True
1612489578.0930119,christopher,Fri 05 Feb 2021 01:48:39 +0000,7,11,77,1.530104160308838,True
1612489578.0930119,christopher,Fri 05 Feb 2021 01:48:40 +0000,3,3,9,1.6873219013214111,True
1612489578.0930119,christopher,Fri 05 Feb 2021 01:48:42 +0000,3,6,18,1.7775108814239502,True
1612489578.0930119,christopher,Fri 05 Feb 2021 01:48:44 +0000,10,12,120,1.6535658836364746,True
1612489578.0930119,christopher,Fri 05 Feb 2021 01:48:47 +0000,9,2,18,2.9813032150268555,True
1612489793.196775,Christopher,Fri 05 Feb 2021 01:49:57 +0000,6,11,66,1.3949308395385742,True
1612489793.196775,Christopher,Fri 05 Feb 2021 01:50:03 +0000,4,12,48,6.435112953186035,False
1612489903.1111119,Christopher,Fri 05 Feb 2021 01:51:45 +0000,5,11,55,1.282304048538208,True
1612489903.1111119,Christopher,Fri 05 Feb 2021 01:51:47 +0000,1,10,10,1.3541538715362549,True
1612489903.1111119,Christopher,Fri 05 Feb 2021 01:51:48 +0000,9,11,99,1.5750479698181152,True
1612489903.1111119,Christopher,Fri 05 Feb 2021 01:51:52 +0000,7,6,42,3.712437868118286,False
1612490046.427506,Christopher,Fri 05 Feb 2021 01:54:10 +0000,9,8,72,3.0938720703125,True
1612490046.427506,Christopher,Fri 05 Feb 2021 01:54:12 +0000,12,10,120,1.6360540390014648,True
1612490046.427506,Christopher,Fri 05 Feb 2021 01:54:13 +0000,9,1,9,1.2601847648620605,True
1612490046.427506,Christopher,Fri 05 Feb 2021 01:54:15 +0000,11,12,132,1.5746738910675049,True
1612490046.427506,Christopher,Fri 05 Feb 2021 01:54:18 +0000,5,8,40,2.8466899394989014,True
1612490046.427506,Christopher,Fri 05 Feb 2021 01:54:21 +0000,5,7,35,2.935755729675293,True
1612490046.427506,Christopher,Fri 05 Feb 2021 01:54:23 +0000,10,10,100,2.666499137878418,True
1612490046.427506,Christopher,Fri 05 Feb 2021 01:54:26 +0000,6,6,36,2.4973480701446533,True
1612490046.427506,Christopher,Fri 05 Feb 2021 01:54:27 +0000,7,5,35,1.6649320125579834,True
1612490046.427506,Christopher,Fri 05 Feb 2021 01:54:29 +0000,1,3,3,1.4063596725463867,True
1612490046.427506,Christopher,Fri 05 Feb 2021 01:54:34 +0000,12,6,72,4.646448135375977,True
1612490046.427506,Christopher,Fri 05 Feb 2021 01:54:35 +0000,7,10,70,1.8335392475128174,True
1612490046.427506,Christopher,Fri 05 Feb 2021 01:54:39 +0000,5,8,40,3.217381000518799,True
1612490046.427506,Christopher,Fri 05 Feb 2021 01:54:42 +0000,11,11,121,3.1504569053649902,False
1612490046.427506,Christopher,Fri 05 Feb 2021 01:54:10 +0000,9,8,72,3.0938720703125,True
1612490046.427506,Christopher,Fri 05 Feb 2021 01:54:12 +0000,12,10,120,1.6360540390014648,True
1612490046.427506,Christopher,Fri 05 Feb 2021 01:54:13 +0000,9,1,9,1.2601847648620605,True
1612490046.427506,Christopher,Fri 05 Feb 2021 01:54:15 +0000,11,12,132,1.5746738910675049,True
1612490046.427506,Christopher,Fri 05 Feb 2021 01:54:18 +0000,5,8,40,2.8466899394989014,True
1612490046.427506,Christopher,Fri 05 Feb 2021 01:54:21 +0000,5,7,35,2.935755729675293,True
1612490046.427506,Christopher,Fri 05 Feb 2021 01:54:23 +0000,10,10,100,2.666499137878418,True
1612490046.427506,Christopher,Fri 05 Feb 2021 01:54:26 +0000,6,6,36,2.4973480701446533,True
1612490046.427506,Christopher,Fri 05 Feb 2021 01:54:27 +0000,7,5,35,1.6649320125579834,True
1612490046.427506,Christopher,Fri 05 Feb 2021 01:54:29 +0000,1,3,3,1.4063596725463867,True
1612490046.427506,Christopher,Fri 05 Feb 2021 01:54:34 +0000,12,6,72,4.646448135375977,True
1612490046.427506,Christopher,Fri 05 Feb 2021 01:54:35 +0000,7,10,70,1.8335392475128174,True
1612490046.427506,Christopher,Fri 05 Feb 2021 01:54:39 +0000,5,8,40,3.217381000518799,True
1612490046.427506,Christopher,Fri 05 Feb 2021 01:54:42 +0000,11,11,121,3.1504569053649902,False
1612490046.427506,Christopher,Fri 05 Feb 2021 01:54:53 +0000,11,6,66,1.7324309349060059,True
1612490046.427506,Christopher,Fri 05 Feb 2021 01:54:56 +0000,2,2,4,3.4201443195343018,True
1612490046.427506,Christopher,Fri 05 Feb 2021 01:54:59 +0000,9,7,63,2.2950117588043213,True
1612490046.427506,Christopher,Fri 05 Feb 2021 01:55:00 +0000,10,9,90,1.372419834136963,True
1612490046.427506,Christopher,Fri 05 Feb 2021 01:55:01 +0000,2,7,14,1.3385248184204102,True
1612490046.427506,Christopher,Fri 05 Feb 2021 01:55:03 +0000,5,8,40,1.8900399208068848,True
1612490046.427506,Christopher,Fri 05 Feb 2021 01:55:05 +0000,10,6,60,2.1602439880371094,True
1612490046.427506,Christopher,Fri 05 Feb 2021 01:55:07 +0000,11,6,66,1.5296649932861328,True
1612490046.427506,Christopher,Fri 05 Feb 2021 01:55:12 +0000,6,8,48,4.995238780975342,True
1612490046.427506,Christopher,Fri 05 Feb 2021 01:55:14 +0000,6,10,60,1.8561580181121826,True
1612490046.427506,Christopher,Fri 05 Feb 2021 01:55:15 +0000,3,3,9,1.372391939163208,True
1612490046.427506,Christopher,Fri 05 Feb 2021 01:55:16 +0000,5,1,5,1.0687038898468018,True
1612490046.427506,Christopher,Fri 05 Feb 2021 01:55:18 +0000,10,3,30,1.5863580703735352,True
1612490046.427506,Christopher,Fri 05 Feb 2021 01:55:20 +0000,6,9,54,2.193613052368164,True
1612490046.427506,Christopher,Fri 05 Feb 2021 01:55:21 +0000,1,9,9,1.3048830032348633,True
1612490046.427506,Christopher,Fri 05 Feb 2021 01:55:23 +0000,11,7,77,1.7893187999725342,True
1612490046.427506,Christopher,Fri 05 Feb 2021 01:55:24 +0000,2,1,2,1.068152904510498,True
1612490046.427506,Christopher,Fri 05 Feb 2021 01:55:28 +0000,4,6,24,3.824949264526367,True
1612490046.427506,Christopher,Fri 05 Feb 2021 01:55:29 +0000,11,8,88,1.417574167251587,True
1612490046.427506,Christopher,Fri 05 Feb 2021 01:55:31 +0000,2,5,10,1.3274681568145752,True
1612490505.3903098,christopher,Fri 05 Feb 2021 02:01:47 +0000,4,5,20,1.5524730682373047,True
1612490505.3903098,christopher,Fri 05 Feb 2021 02:01:49 +0000,11,10,110,1.432023048400879,True
1612490505.3903098,christopher,Fri 05 Feb 2021 02:01:50 +0000,12,10,120,1.2259857654571533,True
1612490505.3903098,christopher,Fri 05 Feb 2021 02:01:51 +0000,9,10,90,1.170083999633789,True
1612490505.3903098,christopher,Fri 05 Feb 2021 02:01:54 +0000,9,3,27,2.452493906021118,True
1612490505.3903098,christopher,Fri 05 Feb 2021 02:01:56 +0000,4,4,16,2.3284401893615723,True
1612490505.3903098,christopher,Fri 05 Feb 2021 02:01:58 +0000,6,3,18,1.5977418422698975,True
1612490505.3903098,christopher,Fri 05 Feb 2021 02:01:59 +0000,10,3,30,1.2037408351898193,True
1612490505.3903098,christopher,Fri 05 Feb 2021 02:02:01 +0000,4,4,16,1.8335318565368652,True
1612490505.3903098,christopher,Fri 05 Feb 2021 02:02:05 +0000,4,6,24,4.4887659549713135,True
1612490505.3903098,christopher,Fri 05 Feb 2021 02:02:07 +0000,8,8,64,2.373802900314331,True
1612490505.3903098,christopher,Fri 05 Feb 2021 02:02:09 +0000,5,5,25,1.4737539291381836,True
1612490505.3903098,christopher,Fri 05 Feb 2021 02:02:10 +0000,12,10,120,1.3048512935638428,True
1612490505.3903098,christopher,Fri 05 Feb 2021 02:02:14 +0000,7,6,42,3.5662388801574707,True
1612490505.3903098,christopher,Fri 05 Feb 2021 02:02:15 +0000,8,10,80,1.2825989723205566,True
1612490505.3903098,christopher,Fri 05 Feb 2021 02:02:17 +0000,6,11,66,1.52982497215271,True
1612490505.3903098,christopher,Fri 05 Feb 2021 02:02:19 +0000,7,8,56,2.430438756942749,True
1612490505.3903098,christopher,Fri 05 Feb 2021 02:02:22 +0000,10,3,30,2.857301950454712,True
1612490505.3903098,christopher,Fri 05 Feb 2021 02:02:23 +0000,1,5,5,1.2033607959747314,True
1612490505.3903098,christopher,Fri 05 Feb 2021 02:02:25 +0000,3,3,9,1.4290118217468262,True
1612490644.700809,Christopher,Fri 05 Feb 2021 02:04:07 +0000,1,3,3,1.0570201873779297,True
1612490644.700809,Christopher,Fri 05 Feb 2021 02:04:08 +0000,12,1,12,1.0296049118041992,True
1612490644.700809,Christopher,Fri 05 Feb 2021 02:04:10 +0000,7,4,28,2.351573944091797,True
1612490644.700809,Christopher,Fri 05 Feb 2021 02:04:12 +0000,6,10,60,1.7999629974365234,True
1612490644.700809,Christopher,Fri 05 Feb 2021 02:04:15 +0000,5,9,45,2.857146978378296,True
1612490644.700809,Christopher,Fri 05 Feb 2021 02:04:16 +0000,2,10,20,1.248960018157959,True
1612490644.700809,Christopher,Fri 05 Feb 2021 02:04:18 +0000,6,12,72,2.6211259365081787,True
1612490644.700809,Christopher,Fri 05 Feb 2021 02:04:21 +0000,5,12,60,2.992495059967041,True
1612490644.700809,Christopher,Fri 05 Feb 2021 02:04:23 +0000,1,9,9,1.248786211013794,True
1612490644.700809,Christopher,Fri 05 Feb 2021 02:04:24 +0000,5,1,5,1.0573008060455322,True
1612490644.700809,Christopher,Fri 05 Feb 2021 02:04:26 +0000,5,6,30,2.5988988876342773,True
1612490644.700809,Christopher,Fri 05 Feb 2021 02:04:28 +0000,11,10,110,1.4735469818115234,True
1612490644.700809,Christopher,Fri 05 Feb 2021 02:04:30 +0000,2,9,18,1.6875441074371338,True
1612490644.700809,Christopher,Fri 05 Feb 2021 02:04:33 +0000,12,12,144,3.903917074203491,True
1612490644.700809,Christopher,Fri 05 Feb 2021 02:04:36 +0000,9,11,99,2.801783800125122,False
1612490739.83225,Christopher,Fri 05 Feb 2021 02:05:43 +0000,3,11,33,1.4375228881835938,True
1612490739.83225,Christopher,Fri 05 Feb 2021 02:05:45 +0000,7,7,49,2.0922770500183105,True
1612490739.83225,Christopher,Fri 05 Feb 2021 02:05:47 +0000,9,2,18,1.7887091636657715,True
1612490739.83225,Christopher,Fri 05 Feb 2021 02:05:48 +0000,10,8,80,1.822770118713379,True
1612490739.83225,Christopher,Fri 05 Feb 2021 02:05:50 +0000,6,6,36,1.9464268684387207,True
1612490739.83225,Christopher,Fri 05 Feb 2021 02:05:52 +0000,9,6,54,1.6867740154266357,True
1612490739.83225,Christopher,Fri 05 Feb 2021 02:05:53 +0000,7,1,7,1.0573360919952393,True
1612490739.83225,Christopher,Fri 05 Feb 2021 02:05:55 +0000,7,8,56,1.5411458015441895,True
1612490739.83225,Christopher,Fri 05 Feb 2021 02:05:57 +0000,12,4,48,2.419365882873535,True
1612490739.83225,Christopher,Fri 05 Feb 2021 02:05:58 +0000,2,2,4,1.1581709384918213,True
1612490739.83225,Christopher,Fri 05 Feb 2021 02:05:59 +0000,1,3,3,0.8999161720275879,True
1612490739.83225,Christopher,Fri 05 Feb 2021 02:06:01 +0000,9,2,18,1.6201279163360596,True
1612490739.83225,Christopher,Fri 05 Feb 2021 02:06:03 +0000,9,5,45,2.7785418033599854,True
1612490739.83225,Christopher,Fri 05 Feb 2021 02:06:05 +0000,4,5,20,1.8452553749084473,True
1612490739.83225,Christopher,Fri 05 Feb 2021 02:06:08 +0000,9,6,54,2.249863862991333,True
1612490739.83225,Christopher,Fri 05 Feb 2021 02:06:10 +0000,2,12,24,2.0699241161346436,True
1612490739.83225,Christopher,Fri 05 Feb 2021 02:06:12 +0000,5,10,50,2.3401038646698,True
1612490739.83225,Christopher,Fri 05 Feb 2021 02:06:13 +0000,3,5,15,1.4284939765930176,True
1612490739.83225,Christopher,Fri 05 Feb 2021 02:06:14 +0000,1,1,1,0.9111888408660889,True
1612490739.83225,Christopher,Fri 05 Feb 2021 02:06:16 +0000,10,10,100,1.6426568031311035,True
1612490739.83225,Christopher,Fri 05 Feb 2021 02:05:43 +0000,3,11,33,1.4375228881835938,True
1612490739.83225,Christopher,Fri 05 Feb 2021 02:05:45 +0000,7,7,49,2.0922770500183105,True
1612490739.83225,Christopher,Fri 05 Feb 2021 02:05:47 +0000,9,2,18,1.7887091636657715,True
1612490739.83225,Christopher,Fri 05 Feb 2021 02:05:48 +0000,10,8,80,1.822770118713379,True
1612490739.83225,Christopher,Fri 05 Feb 2021 02:05:50 +0000,6,6,36,1.9464268684387207,True
1612490739.83225,Christopher,Fri 05 Feb 2021 02:05:52 +0000,9,6,54,1.6867740154266357,True
1612490739.83225,Christopher,Fri 05 Feb 2021 02:05:53 +0000,7,1,7,1.0573360919952393,True
1612490739.83225,Christopher,Fri 05 Feb 2021 02:05:55 +0000,7,8,56,1.5411458015441895,True
1612490739.83225,Christopher,Fri 05 Feb 2021 02:05:57 +0000,12,4,48,2.419365882873535,True
1612490739.83225,Christopher,Fri 05 Feb 2021 02:05:58 +0000,2,2,4,1.1581709384918213,True
1612490739.83225,Christopher,Fri 05 Feb 2021 02:05:59 +0000,1,3,3,0.8999161720275879,True
1612490739.83225,Christopher,Fri 05 Feb 2021 02:06:01 +0000,9,2,18,1.6201279163360596,True
1612490739.83225,Christopher,Fri 05 Feb 2021 02:06:03 +0000,9,5,45,2.7785418033599854,True
1612490739.83225,Christopher,Fri 05 Feb 2021 02:06:05 +0000,4,5,20,1.8452553749084473,True
1612490739.83225,Christopher,Fri 05 Feb 2021 02:06:08 +0000,9,6,54,2.249863862991333,True
1612490739.83225,Christopher,Fri 05 Feb 2021 02:06:10 +0000,2,12,24,2.0699241161346436,True
1612490739.83225,Christopher,Fri 05 Feb 2021 02:06:12 +0000,5,10,50,2.3401038646698,True
1612490739.83225,Christopher,Fri 05 Feb 2021 02:06:13 +0000,3,5,15,1.4284939765930176,True
1612490739.83225,Christopher,Fri 05 Feb 2021 02:06:14 +0000,1,1,1,0.9111888408660889,True
1612490739.83225,Christopher,Fri 05 Feb 2021 02:06:16 +0000,10,10,100,1.6426568031311035,True
1612490739.83225,Christopher,Fri 05 Feb 2021 02:06:46 +0000,5,6,30,1.507878303527832,True
1612490739.83225,Christopher,Fri 05 Feb 2021 02:06:50 +0000,9,7,63,3.419327974319458,False
1612490739.83225,Christopher,Fri 05 Feb 2021 02:05:43 +0000,3,11,33,1.4375228881835938,True
1612490739.83225,Christopher,Fri 05 Feb 2021 02:05:45 +0000,7,7,49,2.0922770500183105,True
1612490739.83225,Christopher,Fri 05 Feb 2021 02:05:47 +0000,9,2,18,1.7887091636657715,True
1612490739.83225,Christopher,Fri 05 Feb 2021 02:05:48 +0000,10,8,80,1.822770118713379,True
1612490739.83225,Christopher,Fri 05 Feb 2021 02:05:50 +0000,6,6,36,1.9464268684387207,True
1612490739.83225,Christopher,Fri 05 Feb 2021 02:05:52 +0000,9,6,54,1.6867740154266357,True
1612490739.83225,Christopher,Fri 05 Feb 2021 02:05:53 +0000,7,1,7,1.0573360919952393,True
1612490739.83225,Christopher,Fri 05 Feb 2021 02:05:55 +0000,7,8,56,1.5411458015441895,True
1612490739.83225,Christopher,Fri 05 Feb 2021 02:05:57 +0000,12,4,48,2.419365882873535,True
1612490739.83225,Christopher,Fri 05 Feb 2021 02:05:58 +0000,2,2,4,1.1581709384918213,True
1612490739.83225,Christopher,Fri 05 Feb 2021 02:05:59 +0000,1,3,3,0.8999161720275879,True
1612490739.83225,Christopher,Fri 05 Feb 2021 02:06:01 +0000,9,2,18,1.6201279163360596,True
1612490739.83225,Christopher,Fri 05 Feb 2021 02:06:03 +0000,9,5,45,2.7785418033599854,True
1612490739.83225,Christopher,Fri 05 Feb 2021 02:06:05 +0000,4,5,20,1.8452553749084473,True
1612490739.83225,Christopher,Fri 05 Feb 2021 02:06:08 +0000,9,6,54,2.249863862991333,True
1612490739.83225,Christopher,Fri 05 Feb 2021 02:06:10 +0000,2,12,24,2.0699241161346436,True
1612490739.83225,Christopher,Fri 05 Feb 2021 02:06:12 +0000,5,10,50,2.3401038646698,True
1612490739.83225,Christopher,Fri 05 Feb 2021 02:06:13 +0000,3,5,15,1.4284939765930176,True
1612490739.83225,Christopher,Fri 05 Feb 2021 02:06:14 +0000,1,1,1,0.9111888408660889,True
1612490739.83225,Christopher,Fri 05 Feb 2021 02:06:16 +0000,10,10,100,1.6426568031311035,True
1612490739.83225,Christopher,Fri 05 Feb 2021 02:06:46 +0000,5,6,30,1.507878303527832,True
1612490739.83225,Christopher,Fri 05 Feb 2021 02:06:50 +0000,9,7,63,3.419327974319458,False
1612490739.83225,Christopher,Fri 05 Feb 2021 02:06:55 +0000,4,5,20,1.316148281097412,True
1612490739.83225,Christopher,Fri 05 Feb 2021 02:06:57 +0000,8,9,72,1.8111140727996826,True
1612490739.83225,Christopher,Fri 05 Feb 2021 02:06:59 +0000,9,4,36,2.5087010860443115,True
1612490739.83225,Christopher,Fri 05 Feb 2021 02:07:01 +0000,5,4,20,1.2490239143371582,True
1612490739.83225,Christopher,Fri 05 Feb 2021 02:07:02 +0000,3,7,21,1.912104845046997,True
1612490739.83225,Christopher,Fri 05 Feb 2021 02:07:04 +0000,3,10,30,1.2827138900756836,True
1612490739.83225,Christopher,Fri 05 Feb 2021 02:07:05 +0000,9,1,9,1.0236947536468506,True
1612490739.83225,Christopher,Fri 05 Feb 2021 02:07:06 +0000,11,7,77,1.3498728275299072,True
1612490739.83225,Christopher,Fri 05 Feb 2021 02:07:10 +0000,4,3,12,3.5885586738586426,True
1612490739.83225,Christopher,Fri 05 Feb 2021 02:07:12 +0000,5,8,40,1.8678808212280273,True
1612490739.83225,Christopher,Fri 05 Feb 2021 02:07:13 +0000,5,9,45,1.8895747661590576,True
1612490739.83225,Christopher,Fri 05 Feb 2021 02:07:15 +0000,12,2,24,2.025111198425293,True
1612490739.83225,Christopher,Fri 05 Feb 2021 02:07:17 +0000,8,11,88,1.8900179862976074,True
1612490739.83225,Christopher,Fri 05 Feb 2021 02:07:19 +0000,10,2,20,1.3275599479675293,True
1612490739.83225,Christopher,Fri 05 Feb 2021 02:07:20 +0000,9,9,81,1.766326904296875,True
1612490739.83225,Christopher,Fri 05 Feb 2021 02:07:22 +0000,12,10,120,1.3273420333862305,True
1612490739.83225,Christopher,Fri 05 Feb 2021 02:07:23 +0000,4,11,44,1.1810171604156494,True
1612490739.83225,Christopher,Fri 05 Feb 2021 02:07:24 +0000,8,11,88,1.4625661373138428,True
1612490739.83225,Christopher,Fri 05 Feb 2021 02:07:26 +0000,11,8,88,1.7549669742584229,True
1612490739.83225,Christopher,Fri 05 Feb 2021 02:07:28 +0000,5,5,25,1.6538069248199463,True
1612490739.83225,Christopher,Fri 05 Feb 2021 02:05:43 +0000,3,11,33,1.4375228881835938,True
1612490739.83225,Christopher,Fri 05 Feb 2021 02:05:45 +0000,7,7,49,2.0922770500183105,True
1612490739.83225,Christopher,Fri 05 Feb 2021 02:05:47 +0000,9,2,18,1.7887091636657715,True
1612490739.83225,Christopher,Fri 05 Feb 2021 02:05:48 +0000,10,8,80,1.822770118713379,True
1612490739.83225,Christopher,Fri 05 Feb 2021 02:05:50 +0000,6,6,36,1.9464268684387207,True
1612490739.83225,Christopher,Fri 05 Feb 2021 02:05:52 +0000,9,6,54,1.6867740154266357,True
1612490739.83225,Christopher,Fri 05 Feb 2021 02:05:53 +0000,7,1,7,1.0573360919952393,True
1612490739.83225,Christopher,Fri 05 Feb 2021 02:05:55 +0000,7,8,56,1.5411458015441895,True
1612490739.83225,Christopher,Fri 05 Feb 2021 02:05:57 +0000,12,4,48,2.419365882873535,True
1612490739.83225,Christopher,Fri 05 Feb 2021 02:05:58 +0000,2,2,4,1.1581709384918213,True
1612490739.83225,Christopher,Fri 05 Feb 2021 02:05:59 +0000,1,3,3,0.8999161720275879,True
1612490739.83225,Christopher,Fri 05 Feb 2021 02:06:01 +0000,9,2,18,1.6201279163360596,True
1612490739.83225,Christopher,Fri 05 Feb 2021 02:06:03 +0000,9,5,45,2.7785418033599854,True
1612490739.83225,Christopher,Fri 05 Feb 2021 02:06:05 +0000,4,5,20,1.8452553749084473,True
1612490739.83225,Christopher,Fri 05 Feb 2021 02:06:08 +0000,9,6,54,2.249863862991333,True
1612490739.83225,Christopher,Fri 05 Feb 2021 02:06:10 +0000,2,12,24,2.0699241161346436,True
1612490739.83225,Christopher,Fri 05 Feb 2021 02:06:12 +0000,5,10,50,2.3401038646698,True
1612490739.83225,Christopher,Fri 05 Feb 2021 02:06:13 +0000,3,5,15,1.4284939765930176,True
1612490739.83225,Christopher,Fri 05 Feb 2021 02:06:14 +0000,1,1,1,0.9111888408660889,True
1612490739.83225,Christopher,Fri 05 Feb 2021 02:06:16 +0000,10,10,100,1.6426568031311035,True
1612490739.83225,Christopher,Fri 05 Feb 2021 02:06:46 +0000,5,6,30,1.507878303527832,True
1612490739.83225,Christopher,Fri 05 Feb 2021 02:06:50 +0000,9,7,63,3.419327974319458,False
1612490739.83225,Christopher,Fri 05 Feb 2021 02:06:55 +0000,4,5,20,1.316148281097412,True
1612490739.83225,Christopher,Fri 05 Feb 2021 02:06:57 +0000,8,9,72,1.8111140727996826,True
1612490739.83225,Christopher,Fri 05 Feb 2021 02:06:59 +0000,9,4,36,2.5087010860443115,True
1612490739.83225,Christopher,Fri 05 Feb 2021 02:07:01 +0000,5,4,20,1.2490239143371582,True
1612490739.83225,Christopher,Fri 05 Feb 2021 02:07:02 +0000,3,7,21,1.912104845046997,True
1612490739.83225,Christopher,Fri 05 Feb 2021 02:07:04 +0000,3,10,30,1.2827138900756836,True
1612490739.83225,Christopher,Fri 05 Feb 2021 02:07:05 +0000,9,1,9,1.0236947536468506,True
1612490739.83225,Christopher,Fri 05 Feb 2021 02:07:06 +0000,11,7,77,1.3498728275299072,True
1612490739.83225,Christopher,Fri 05 Feb 2021 02:07:10 +0000,4,3,12,3.5885586738586426,True
1612490739.83225,Christopher,Fri 05 Feb 2021 02:07:12 +0000,5,8,40,1.8678808212280273,True
1612490739.83225,Christopher,Fri 05 Feb 2021 02:07:13 +0000,5,9,45,1.8895747661590576,True
1612490739.83225,Christopher,Fri 05 Feb 2021 02:07:15 +0000,12,2,24,2.025111198425293,True
1612490739.83225,Christopher,Fri 05 Feb 2021 02:07:17 +0000,8,11,88,1.8900179862976074,True
1612490739.83225,Christopher,Fri 05 Feb 2021 02:07:19 +0000,10,2,20,1.3275599479675293,True
1612490739.83225,Christopher,Fri 05 Feb 2021 02:07:20 +0000,9,9,81,1.766326904296875,True
1612490739.83225,Christopher,Fri 05 Feb 2021 02:07:22 +0000,12,10,120,1.3273420333862305,True
1612490739.83225,Christopher,Fri 05 Feb 2021 02:07:23 +0000,4,11,44,1.1810171604156494,True
1612490739.83225,Christopher,Fri 05 Feb 2021 02:07:24 +0000,8,11,88,1.4625661373138428,True
1612490739.83225,Christopher,Fri 05 Feb 2021 02:07:26 +0000,11,8,88,1.7549669742584229,True
1612490739.83225,Christopher,Fri 05 Feb 2021 02:07:28 +0000,5,5,25,1.6538069248199463,True
1612490739.83225,Christopher,Fri 05 Feb 2021 02:07:44 +0000,1,1,1,0.8659789562225342,True
1612490739.83225,Christopher,Fri 05 Feb 2021 02:07:46 +0000,4,7,28,2.0587828159332275,False
1612490739.83225,Christopher,Fri 05 Feb 2021 02:05:43 +0000,3,11,33,1.4375228881835938,True
1612490739.83225,Christopher,Fri 05 Feb 2021 02:05:45 +0000,7,7,49,2.0922770500183105,True
1612490739.83225,Christopher,Fri 05 Feb 2021 02:05:47 +0000,9,2,18,1.7887091636657715,True
1612490739.83225,Christopher,Fri 05 Feb 2021 02:05:48 +0000,10,8,80,1.822770118713379,True
1612490739.83225,Christopher,Fri 05 Feb 2021 02:05:50 +0000,6,6,36,1.9464268684387207,True
1612490739.83225,Christopher,Fri 05 Feb 2021 02:05:52 +0000,9,6,54,1.6867740154266357,True
1612490739.83225,Christopher,Fri 05 Feb 2021 02:05:53 +0000,7,1,7,1.0573360919952393,True
1612490739.83225,Christopher,Fri 05 Feb 2021 02:05:55 +0000,7,8,56,1.5411458015441895,True
1612490739.83225,Christopher,Fri 05 Feb 2021 02:05:57 +0000,12,4,48,2.419365882873535,True
1612490739.83225,Christopher,Fri 05 Feb 2021 02:05:58 +0000,2,2,4,1.1581709384918213,True
1612490739.83225,Christopher,Fri 05 Feb 2021 02:05:59 +0000,1,3,3,0.8999161720275879,True
1612490739.83225,Christopher,Fri 05 Feb 2021 02:06:01 +0000,9,2,18,1.6201279163360596,True
1612490739.83225,Christopher,Fri 05 Feb 2021 02:06:03 +0000,9,5,45,2.7785418033599854,True
1612490739.83225,Christopher,Fri 05 Feb 2021 02:06:05 +0000,4,5,20,1.8452553749084473,True
1612490739.83225,Christopher,Fri 05 Feb 2021 02:06:08 +0000,9,6,54,2.249863862991333,True
1612490739.83225,Christopher,Fri 05 Feb 2021 02:06:10 +0000,2,12,24,2.0699241161346436,True
1612490739.83225,Christopher,Fri 05 Feb 2021 02:06:12 +0000,5,10,50,2.3401038646698,True
1612490739.83225,Christopher,Fri 05 Feb 2021 02:06:13 +0000,3,5,15,1.4284939765930176,True
1612490739.83225,Christopher,Fri 05 Feb 2021 02:06:14 +0000,1,1,1,0.9111888408660889,True
1612490739.83225,Christopher,Fri 05 Feb 2021 02:06:16 +0000,10,10,100,1.6426568031311035,True
1612490739.83225,Christopher,Fri 05 Feb 2021 02:06:46 +0000,5,6,30,1.507878303527832,True
1612490739.83225,Christopher,Fri 05 Feb 2021 02:06:50 +0000,9,7,63,3.419327974319458,False
1612490739.83225,Christopher,Fri 05 Feb 2021 02:06:55 +0000,4,5,20,1.316148281097412,True
1612490739.83225,Christopher,Fri 05 Feb 2021 02:06:57 +0000,8,9,72,1.8111140727996826,True
1612490739.83225,Christopher,Fri 05 Feb 2021 02:06:59 +0000,9,4,36,2.5087010860443115,True
1612490739.83225,Christopher,Fri 05 Feb 2021 02:07:01 +0000,5,4,20,1.2490239143371582,True
1612490739.83225,Christopher,Fri 05 Feb 2021 02:07:02 +0000,3,7,21,1.912104845046997,True
1612490739.83225,Christopher,Fri 05 Feb 2021 02:07:04 +0000,3,10,30,1.2827138900756836,True
1612490739.83225,Christopher,Fri 05 Feb 2021 02:07:05 +0000,9,1,9,1.0236947536468506,True
1612490739.83225,Christopher,Fri 05 Feb 2021 02:07:06 +0000,11,7,77,1.3498728275299072,True
1612490739.83225,Christopher,Fri 05 Feb 2021 02:07:10 +0000,4,3,12,3.5885586738586426,True
1612490739.83225,Christopher,Fri 05 Feb 2021 02:07:12 +0000,5,8,40,1.8678808212280273,True
1612490739.83225,Christopher,Fri 05 Feb 2021 02:07:13 +0000,5,9,45,1.8895747661590576,True
1612490739.83225,Christopher,Fri 05 Feb 2021 02:07:15 +0000,12,2,24,2.025111198425293,True
1612490739.83225,Christopher,Fri 05 Feb 2021 02:07:17 +0000,8,11,88,1.8900179862976074,True
1612490739.83225,Christopher,Fri 05 Feb 2021 02:07:19 +0000,10,2,20,1.3275599479675293,True
1612490739.83225,Christopher,Fri 05 Feb 2021 02:07:20 +0000,9,9,81,1.766326904296875,True
1612490739.83225,Christopher,Fri 05 Feb 2021 02:07:22 +0000,12,10,120,1.3273420333862305,True
1612490739.83225,Christopher,Fri 05 Feb 2021 02:07:23 +0000,4,11,44,1.1810171604156494,True
1612490739.83225,Christopher,Fri 05 Feb 2021 02:07:24 +0000,8,11,88,1.4625661373138428,True
1612490739.83225,Christopher,Fri 05 Feb 2021 02:07:26 +0000,11,8,88,1.7549669742584229,True
1612490739.83225,Christopher,Fri 05 Feb 2021 02:07:28 +0000,5,5,25,1.6538069248199463,True
1612490739.83225,Christopher,Fri 05 Feb 2021 02:07:44 +0000,1,1,1,0.8659789562225342,True
1612490739.83225,Christopher,Fri 05 Feb 2021 02:07:46 +0000,4,7,28,2.0587828159332275,False
1612490739.83225,Christopher,Fri 05 Feb 2021 02:07:50 +0000,1,9,9,1.282304048538208,False
1612490739.83225,Christopher,Fri 05 Feb 2021 02:05:43 +0000,3,11,33,1.4375228881835938,True
1612490739.83225,Christopher,Fri 05 Feb 2021 02:05:45 +0000,7,7,49,2.0922770500183105,True
1612490739.83225,Christopher,Fri 05 Feb 2021 02:05:47 +0000,9,2,18,1.7887091636657715,True
1612490739.83225,Christopher,Fri 05 Feb 2021 02:05:48 +0000,10,8,80,1.822770118713379,True
1612490739.83225,Christopher,Fri 05 Feb 2021 02:05:50 +0000,6,6,36,1.9464268684387207,True
1612490739.83225,Christopher,Fri 05 Feb 2021 02:05:52 +0000,9,6,54,1.6867740154266357,True
1612490739.83225,Christopher,Fri 05 Feb 2021 02:05:53 +0000,7,1,7,1.0573360919952393,True
1612490739.83225,Christopher,Fri 05 Feb 2021 02:05:55 +0000,7,8,56,1.5411458015441895,True
1612490739.83225,Christopher,Fri 05 Feb 2021 02:05:57 +0000,12,4,48,2.419365882873535,True
1612490739.83225,Christopher,Fri 05 Feb 2021 02:05:58 +0000,2,2,4,1.1581709384918213,True
1612490739.83225,Christopher,Fri 05 Feb 2021 02:05:59 +0000,1,3,3,0.8999161720275879,True
1612490739.83225,Christopher,Fri 05 Feb 2021 02:06:01 +0000,9,2,18,1.6201279163360596,True
1612490739.83225,Christopher,Fri 05 Feb 2021 02:06:03 +0000,9,5,45,2.7785418033599854,True
1612490739.83225,Christopher,Fri 05 Feb 2021 02:06:05 +0000,4,5,20,1.8452553749084473,True
1612490739.83225,Christopher,Fri 05 Feb 2021 02:06:08 +0000,9,6,54,2.249863862991333,True
1612490739.83225,Christopher,Fri 05 Feb 2021 02:06:10 +0000,2,12,24,2.0699241161346436,True
1612490739.83225,Christopher,Fri 05 Feb 2021 02:06:12 +0000,5,10,50,2.3401038646698,True
1612490739.83225,Christopher,Fri 05 Feb 2021 02:06:13 +0000,3,5,15,1.4284939765930176,True
1612490739.83225,Christopher,Fri 05 Feb 2021 02:06:14 +0000,1,1,1,0.9111888408660889,True
1612490739.83225,Christopher,Fri 05 Feb 2021 02:06:16 +0000,10,10,100,1.6426568031311035,True
1612490739.83225,Christopher,Fri 05 Feb 2021 02:06:46 +0000,5,6,30,1.507878303527832,True
1612490739.83225,Christopher,Fri 05 Feb 2021 02:06:50 +0000,9,7,63,3.419327974319458,False
1612490739.83225,Christopher,Fri 05 Feb 2021 02:06:55 +0000,4,5,20,1.316148281097412,True
1612490739.83225,Christopher,Fri 05 Feb 2021 02:06:57 +0000,8,9,72,1.8111140727996826,True
1612490739.83225,Christopher,Fri 05 Feb 2021 02:06:59 +0000,9,4,36,2.5087010860443115,True
1612490739.83225,Christopher,Fri 05 Feb 2021 02:07:01 +0000,5,4,20,1.2490239143371582,True
1612490739.83225,Christopher,Fri 05 Feb 2021 02:07:02 +0000,3,7,21,1.912104845046997,True
1612490739.83225,Christopher,Fri 05 Feb 2021 02:07:04 +0000,3,10,30,1.2827138900756836,True
1612490739.83225,Christopher,Fri 05 Feb 2021 02:07:05 +0000,9,1,9,1.0236947536468506,True
1612490739.83225,Christopher,Fri 05 Feb 2021 02:07:06 +0000,11,7,77,1.3498728275299072,True
1612490739.83225,Christopher,Fri 05 Feb 2021 02:07:10 +0000,4,3,12,3.5885586738586426,True
1612490739.83225,Christopher,Fri 05 Feb 2021 02:07:12 +0000,5,8,40,1.8678808212280273,True
1612490739.83225,Christopher,Fri 05 Feb 2021 02:07:13 +0000,5,9,45,1.8895747661590576,True
1612490739.83225,Christopher,Fri 05 Feb 2021 02:07:15 +0000,12,2,24,2.025111198425293,True
1612490739.83225,Christopher,Fri 05 Feb 2021 02:07:17 +0000,8,11,88,1.8900179862976074,True
1612490739.83225,Christopher,Fri 05 Feb 2021 02:07:19 +0000,10,2,20,1.3275599479675293,True
1612490739.83225,Christopher,Fri 05 Feb 2021 02:07:20 +0000,9,9,81,1.766326904296875,True
1612490739.83225,Christopher,Fri 05 Feb 2021 02:07:22 +0000,12,10,120,1.3273420333862305,True
1612490739.83225,Christopher,Fri 05 Feb 2021 02:07:23 +0000,4,11,44,1.1810171604156494,True
1612490739.83225,Christopher,Fri 05 Feb 2021 02:07:24 +0000,8,11,88,1.4625661373138428,True
1612490739.83225,Christopher,Fri 05 Feb 2021 02:07:26 +0000,11,8,88,1.7549669742584229,True
1612490739.83225,Christopher,Fri 05 Feb 2021 02:07:28 +0000,5,5,25,1.6538069248199463,True
1612490739.83225,Christopher,Fri 05 Feb 2021 02:07:44 +0000,1,1,1,0.8659789562225342,True
1612490739.83225,Christopher,Fri 05 Feb 2021 02:07:46 +0000,4,7,28,2.0587828159332275,False
1612490739.83225,Christopher,Fri 05 Feb 2021 02:07:50 +0000,1,9,9,1.282304048538208,False
1612490739.83225,Christopher,Fri 05 Feb 2021 02:07:56 +0000,10,11,110,1.3048512935638428,True
1612490739.83225,Christopher,Fri 05 Feb 2021 02:07:57 +0000,2,4,8,1.8786261081695557,True
1612490739.83225,Christopher,Fri 05 Feb 2021 02:08:01 +0000,9,7,63,3.5099170207977295,True
1612490739.83225,Christopher,Fri 05 Feb 2021 02:08:02 +0000,4,1,4,1.1363260746002197,True
1612490739.83225,Christopher,Fri 05 Feb 2021 02:08:03 +0000,4,1,4,0.888817310333252,True
1612490739.83225,Christopher,Fri 05 Feb 2021 02:08:04 +0000,9,9,81,1.4963669776916504,True
1612490739.83225,Christopher,Fri 05 Feb 2021 02:08:06 +0000,1,2,2,1.7885820865631104,True
1612490739.83225,Christopher,Fri 05 Feb 2021 02:08:08 +0000,4,5,20,1.4179232120513916,True
1612490739.83225,Christopher,Fri 05 Feb 2021 02:08:09 +0000,11,9,99,1.4057719707489014,True
1612490739.83225,Christopher,Fri 05 Feb 2021 02:08:11 +0000,11,12,132,1.6760430335998535,True
1612490739.83225,Christopher,Fri 05 Feb 2021 02:08:13 +0000,3,12,36,2.373868703842163,True
1612490739.83225,Christopher,Fri 05 Feb 2021 02:08:16 +0000,6,7,42,3.183927059173584,True
1612490739.83225,Christopher,Fri 05 Feb 2021 02:08:20 +0000,8,3,24,3.5772881507873535,True
1612490739.83225,Christopher,Fri 05 Feb 2021 02:08:21 +0000,2,11,22,1.226247787475586,True
1612490739.83225,Christopher,Fri 05 Feb 2021 02:08:22 +0000,2,1,2,1.2036070823669434,True
1612490739.83225,Christopher,Fri 05 Feb 2021 02:08:24 +0000,5,11,55,1.5074951648712158,True
1612490739.83225,Christopher,Fri 05 Feb 2021 02:08:26 +0000,9,4,36,1.8112115859985352,True
1612490739.83225,Christopher,Fri 05 Feb 2021 02:08:28 +0000,7,5,35,2.3399760723114014,True
1612490739.83225,Christopher,Fri 05 Feb 2021 02:08:30 +0000,5,4,20,2.418961763381958,True
1612490739.83225,Christopher,Fri 05 Feb 2021 02:08:32 +0000,8,10,80,1.7100269794464111,True
1612490739.83225,Christopher,Fri 05 Feb 2021 02:05:43 +0000,3,11,33,1.4375228881835938,True
1612490739.83225,Christopher,Fri 05 Feb 2021 02:05:45 +0000,7,7,49,2.0922770500183105,True
1612490739.83225,Christopher,Fri 05 Feb 2021 02:05:47 +0000,9,2,18,1.7887091636657715,True
1612490739.83225,Christopher,Fri 05 Feb 2021 02:05:48 +0000,10,8,80,1.822770118713379,True
1612490739.83225,Christopher,Fri 05 Feb 2021 02:05:50 +0000,6,6,36,1.9464268684387207,True
1612490739.83225,Christopher,Fri 05 Feb 2021 02:05:52 +0000,9,6,54,1.6867740154266357,True
1612490739.83225,Christopher,Fri 05 Feb 2021 02:05:53 +0000,7,1,7,1.0573360919952393,True
1612490739.83225,Christopher,Fri 05 Feb 2021 02:05:55 +0000,7,8,56,1.5411458015441895,True
1612490739.83225,Christopher,Fri 05 Feb 2021 02:05:57 +0000,12,4,48,2.419365882873535,True
1612490739.83225,Christopher,Fri 05 Feb 2021 02:05:58 +0000,2,2,4,1.1581709384918213,True
1612490739.83225,Christopher,Fri 05 Feb 2021 02:05:59 +0000,1,3,3,0.8999161720275879,True
1612490739.83225,Christopher,Fri 05 Feb 2021 02:06:01 +0000,9,2,18,1.6201279163360596,True
1612490739.83225,Christopher,Fri 05 Feb 2021 02:06:03 +0000,9,5,45,2.7785418033599854,True
1612490739.83225,Christopher,Fri 05 Feb 2021 02:06:05 +0000,4,5,20,1.8452553749084473,True
1612490739.83225,Christopher,Fri 05 Feb 2021 02:06:08 +0000,9,6,54,2.249863862991333,True
1612490739.83225,Christopher,Fri 05 Feb 2021 02:06:10 +0000,2,12,24,2.0699241161346436,True
1612490739.83225,Christopher,Fri 05 Feb 2021 02:06:12 +0000,5,10,50,2.3401038646698,True
1612490739.83225,Christopher,Fri 05 Feb 2021 02:06:13 +0000,3,5,15,1.4284939765930176,True
1612490739.83225,Christopher,Fri 05 Feb 2021 02:06:14 +0000,1,1,1,0.9111888408660889,True
1612490739.83225,Christopher,Fri 05 Feb 2021 02:06:16 +0000,10,10,100,1.6426568031311035,True
1612490739.83225,Christopher,Fri 05 Feb 2021 02:06:46 +0000,5,6,30,1.507878303527832,True
1612490739.83225,Christopher,Fri 05 Feb 2021 02:06:50 +0000,9,7,63,3.419327974319458,False
1612490739.83225,Christopher,Fri 05 Feb 2021 02:06:55 +0000,4,5,20,1.316148281097412,True
1612490739.83225,Christopher,Fri 05 Feb 2021 02:06:57 +0000,8,9,72,1.8111140727996826,True
1612490739.83225,Christopher,Fri 05 Feb 2021 02:06:59 +0000,9,4,36,2.5087010860443115,True
1612490739.83225,Christopher,Fri 05 Feb 2021 02:07:01 +0000,5,4,20,1.2490239143371582,True
1612490739.83225,Christopher,Fri 05 Feb 2021 02:07:02 +0000,3,7,21,1.912104845046997,True
1612490739.83225,Christopher,Fri 05 Feb 2021 02:07:04 +0000,3,10,30,1.2827138900756836,True
1612490739.83225,Christopher,Fri 05 Feb 2021 02:07:05 +0000,9,1,9,1.0236947536468506,True
1612490739.83225,Christopher,Fri 05 Feb 2021 02:07:06 +0000,11,7,77,1.3498728275299072,True
1612490739.83225,Christopher,Fri 05 Feb 2021 02:07:10 +0000,4,3,12,3.5885586738586426,True
1612490739.83225,Christopher,Fri 05 Feb 2021 02:07:12 +0000,5,8,40,1.8678808212280273,True
1612490739.83225,Christopher,Fri 05 Feb 2021 02:07:13 +0000,5,9,45,1.8895747661590576,True
1612490739.83225,Christopher,Fri 05 Feb 2021 02:07:15 +0000,12,2,24,2.025111198425293,True
1612490739.83225,Christopher,Fri 05 Feb 2021 02:07:17 +0000,8,11,88,1.8900179862976074,True
1612490739.83225,Christopher,Fri 05 Feb 2021 02:07:19 +0000,10,2,20,1.3275599479675293,True
1612490739.83225,Christopher,Fri 05 Feb 2021 02:07:20 +0000,9,9,81,1.766326904296875,True
1612490739.83225,Christopher,Fri 05 Feb 2021 02:07:22 +0000,12,10,120,1.3273420333862305,True
1612490739.83225,Christopher,Fri 05 Feb 2021 02:07:23 +0000,4,11,44,1.1810171604156494,True
1612490739.83225,Christopher,Fri 05 Feb 2021 02:07:24 +0000,8,11,88,1.4625661373138428,True
1612490739.83225,Christopher,Fri 05 Feb 2021 02:07:26 +0000,11,8,88,1.7549669742584229,True
1612490739.83225,Christopher,Fri 05 Feb 2021 02:07:28 +0000,5,5,25,1.6538069248199463,True
1612490739.83225,Christopher,Fri 05 Feb 2021 02:07:44 +0000,1,1,1,0.8659789562225342,True
1612490739.83225,Christopher,Fri 05 Feb 2021 02:07:46 +0000,4,7,28,2.0587828159332275,False
1612490739.83225,Christopher,Fri 05 Feb 2021 02:07:50 +0000,1,9,9,1.282304048538208,False
1612490739.83225,Christopher,Fri 05 Feb 2021 02:07:56 +0000,10,11,110,1.3048512935638428,True
1612490739.83225,Christopher,Fri 05 Feb 2021 02:07:57 +0000,2,4,8,1.8786261081695557,True
1612490739.83225,Christopher,Fri 05 Feb 2021 02:08:01 +0000,9,7,63,3.5099170207977295,True
1612490739.83225,Christopher,Fri 05 Feb 2021 02:08:02 +0000,4,1,4,1.1363260746002197,True
1612490739.83225,Christopher,Fri 05 Feb 2021 02:08:03 +0000,4,1,4,0.888817310333252,True
1612490739.83225,Christopher,Fri 05 Feb 2021 02:08:04 +0000,9,9,81,1.4963669776916504,True
1612490739.83225,Christopher,Fri 05 Feb 2021 02:08:06 +0000,1,2,2,1.7885820865631104,True
1612490739.83225,Christopher,Fri 05 Feb 2021 02:08:08 +0000,4,5,20,1.4179232120513916,True
1612490739.83225,Christopher,Fri 05 Feb 2021 02:08:09 +0000,11,9,99,1.4057719707489014,True
1612490739.83225,Christopher,Fri 05 Feb 2021 02:08:11 +0000,11,12,132,1.6760430335998535,True
1612490739.83225,Christopher,Fri 05 Feb 2021 02:08:13 +0000,3,12,36,2.373868703842163,True
1612490739.83225,Christopher,Fri 05 Feb 2021 02:08:16 +0000,6,7,42,3.183927059173584,True
1612490739.83225,Christopher,Fri 05 Feb 2021 02:08:20 +0000,8,3,24,3.5772881507873535,True
1612490739.83225,Christopher,Fri 05 Feb 2021 02:08:21 +0000,2,11,22,1.226247787475586,True
1612490739.83225,Christopher,Fri 05 Feb 2021 02:08:22 +0000,2,1,2,1.2036070823669434,True
1612490739.83225,Christopher,Fri 05 Feb 2021 02:08:24 +0000,5,11,55,1.5074951648712158,True
1612490739.83225,Christopher,Fri 05 Feb 2021 02:08:26 +0000,9,4,36,1.8112115859985352,True
1612490739.83225,Christopher,Fri 05 Feb 2021 02:08:28 +0000,7,5,35,2.3399760723114014,True
1612490739.83225,Christopher,Fri 05 Feb 2021 02:08:30 +0000,5,4,20,2.418961763381958,True
1612490739.83225,Christopher,Fri 05 Feb 2021 02:08:32 +0000,8,10,80,1.7100269794464111,True
1612490739.83225,Christopher,Fri 05 Feb 2021 02:08:41 +0000,6,7,42,3.3861098289489746,True
1612490739.83225,Christopher,Fri 05 Feb 2021 02:08:43 +0000,8,8,64,1.9348249435424805,True
1612490739.83225,Christopher,Fri 05 Feb 2021 02:08:45 +0000,10,9,90,1.4063560962677002,True
1612490739.83225,Christopher,Fri 05 Feb 2021 02:08:47 +0000,10,6,60,2.0924181938171387,True
1612490739.83225,Christopher,Fri 05 Feb 2021 02:08:48 +0000,2,9,18,1.632106065750122,True
1612490739.83225,Christopher,Fri 05 Feb 2021 02:08:50 +0000,6,3,18,1.7656550407409668,True
1612490739.83225,Christopher,Fri 05 Feb 2021 02:08:52 +0000,11,12,132,2.080806016921997,True
1612490739.83225,Christopher,Fri 05 Feb 2021 02:08:54 +0000,8,7,56,2.2503058910369873,True
1612490739.83225,Christopher,Fri 05 Feb 2021 02:08:56 +0000,3,2,6,1.372244119644165,True
1612490739.83225,Christopher,Fri 05 Feb 2021 02:08:57 +0000,11,1,11,1.2151000499725342,True
1612490739.83225,Christopher,Fri 05 Feb 2021 02:08:58 +0000,2,3,6,1.4509968757629395,True
1612490739.83225,Christopher,Fri 05 Feb 2021 02:09:01 +0000,7,6,42,2.2276270389556885,True
1612490739.83225,Christopher,Fri 05 Feb 2021 02:09:02 +0000,10,10,100,1.3277368545532227,True
1612490739.83225,Christopher,Fri 05 Feb 2021 02:09:04 +0000,10,4,40,1.6874580383300781,True
1612490739.83225,Christopher,Fri 05 Feb 2021 02:09:05 +0000,3,5,15,1.5297517776489258,True
1612490739.83225,Christopher,Fri 05 Feb 2021 02:09:07 +0000,2,3,6,1.327329158782959,True
1612490739.83225,Christopher,Fri 05 Feb 2021 02:09:08 +0000,10,10,100,1.3052952289581299,True
1612490739.83225,Christopher,Fri 05 Feb 2021 02:09:11 +0000,4,6,24,2.9022090435028076,True
1612490739.83225,Christopher,Fri 05 Feb 2021 02:09:12 +0000,9,1,9,1.1700248718261719,True
1612490739.83225,Christopher,Fri 05 Feb 2021 02:09:14 +0000,3,9,27,2.160065174102783,True
1612490739.83225,Christopher,Fri 05 Feb 2021 02:05:43 +0000,3,11,33,1.4375228881835938,True
1612490739.83225,Christopher,Fri 05 Feb 2021 02:05:45 +0000,7,7,49,2.0922770500183105,True
1612490739.83225,Christopher,Fri 05 Feb 2021 02:05:47 +0000,9,2,18,1.7887091636657715,True
1612490739.83225,Christopher,Fri 05 Feb 2021 02:05:48 +0000,10,8,80,1.822770118713379,True
1612490739.83225,Christopher,Fri 05 Feb 2021 02:05:50 +0000,6,6,36,1.9464268684387207,True
1612490739.83225,Christopher,Fri 05 Feb 2021 02:05:52 +0000,9,6,54,1.6867740154266357,True
1612490739.83225,Christopher,Fri 05 Feb 2021 02:05:53 +0000,7,1,7,1.0573360919952393,True
1612490739.83225,Christopher,Fri 05 Feb 2021 02:05:55 +0000,7,8,56,1.5411458015441895,True
1612490739.83225,Christopher,Fri 05 Feb 2021 02:05:57 +0000,12,4,48,2.419365882873535,True
1612490739.83225,Christopher,Fri 05 Feb 2021 02:05:58 +0000,2,2,4,1.1581709384918213,True
1612490739.83225,Christopher,Fri 05 Feb 2021 02:05:59 +0000,1,3,3,0.8999161720275879,True
1612490739.83225,Christopher,Fri 05 Feb 2021 02:06:01 +0000,9,2,18,1.6201279163360596,True
1612490739.83225,Christopher,Fri 05 Feb 2021 02:06:03 +0000,9,5,45,2.7785418033599854,True
1612490739.83225,Christopher,Fri 05 Feb 2021 02:06:05 +0000,4,5,20,1.8452553749084473,True
1612490739.83225,Christopher,Fri 05 Feb 2021 02:06:08 +0000,9,6,54,2.249863862991333,True
1612490739.83225,Christopher,Fri 05 Feb 2021 02:06:10 +0000,2,12,24,2.0699241161346436,True
1612490739.83225,Christopher,Fri 05 Feb 2021 02:06:12 +0000,5,10,50,2.3401038646698,True
1612490739.83225,Christopher,Fri 05 Feb 2021 02:06:13 +0000,3,5,15,1.4284939765930176,True
1612490739.83225,Christopher,Fri 05 Feb 2021 02:06:14 +0000,1,1,1,0.9111888408660889,True
1612490739.83225,Christopher,Fri 05 Feb 2021 02:06:16 +0000,10,10,100,1.6426568031311035,True
1612490739.83225,Christopher,Fri 05 Feb 2021 02:06:46 +0000,5,6,30,1.507878303527832,True
1612490739.83225,Christopher,Fri 05 Feb 2021 02:06:50 +0000,9,7,63,3.419327974319458,False
1612490739.83225,Christopher,Fri 05 Feb 2021 02:06:55 +0000,4,5,20,1.316148281097412,True
1612490739.83225,Christopher,Fri 05 Feb 2021 02:06:57 +0000,8,9,72,1.8111140727996826,True
1612490739.83225,Christopher,Fri 05 Feb 2021 02:06:59 +0000,9,4,36,2.5087010860443115,True
1612490739.83225,Christopher,Fri 05 Feb 2021 02:07:01 +0000,5,4,20,1.2490239143371582,True
1612490739.83225,Christopher,Fri 05 Feb 2021 02:07:02 +0000,3,7,21,1.912104845046997,True
1612490739.83225,Christopher,Fri 05 Feb 2021 02:07:04 +0000,3,10,30,1.2827138900756836,True
1612490739.83225,Christopher,Fri 05 Feb 2021 02:07:05 +0000,9,1,9,1.0236947536468506,True
1612490739.83225,Christopher,Fri 05 Feb 2021 02:07:06 +0000,11,7,77,1.3498728275299072,True
1612490739.83225,Christopher,Fri 05 Feb 2021 02:07:10 +0000,4,3,12,3.5885586738586426,True
1612490739.83225,Christopher,Fri 05 Feb 2021 02:07:12 +0000,5,8,40,1.8678808212280273,True
1612490739.83225,Christopher,Fri 05 Feb 2021 02:07:13 +0000,5,9,45,1.8895747661590576,True
1612490739.83225,Christopher,Fri 05 Feb 2021 02:07:15 +0000,12,2,24,2.025111198425293,True
1612490739.83225,Christopher,Fri 05 Feb 2021 02:07:17 +0000,8,11,88,1.8900179862976074,True
1612490739.83225,Christopher,Fri 05 Feb 2021 02:07:19 +0000,10,2,20,1.3275599479675293,True
1612490739.83225,Christopher,Fri 05 Feb 2021 02:07:20 +0000,9,9,81,1.766326904296875,True
1612490739.83225,Christopher,Fri 05 Feb 2021 02:07:22 +0000,12,10,120,1.3273420333862305,True
1612490739.83225,Christopher,Fri 05 Feb 2021 02:07:23 +0000,4,11,44,1.1810171604156494,True
1612490739.83225,Christopher,Fri 05 Feb 2021 02:07:24 +0000,8,11,88,1.4625661373138428,True
1612490739.83225,Christopher,Fri 05 Feb 2021 02:07:26 +0000,11,8,88,1.7549669742584229,True
1612490739.83225,Christopher,Fri 05 Feb 2021 02:07:28 +0000,5,5,25,1.6538069248199463,True
1612490739.83225,Christopher,Fri 05 Feb 2021 02:07:44 +0000,1,1,1,0.8659789562225342,True
1612490739.83225,Christopher,Fri 05 Feb 2021 02:07:46 +0000,4,7,28,2.0587828159332275,False
1612490739.83225,Christopher,Fri 05 Feb 2021 02:07:50 +0000,1,9,9,1.282304048538208,False
1612490739.83225,Christopher,Fri 05 Feb 2021 02:07:56 +0000,10,11,110,1.3048512935638428,True
1612490739.83225,Christopher,Fri 05 Feb 2021 02:07:57 +0000,2,4,8,1.8786261081695557,True
1612490739.83225,Christopher,Fri 05 Feb 2021 02:08:01 +0000,9,7,63,3.5099170207977295,True
1612490739.83225,Christopher,Fri 05 Feb 2021 02:08:02 +0000,4,1,4,1.1363260746002197,True
1612490739.83225,Christopher,Fri 05 Feb 2021 02:08:03 +0000,4,1,4,0.888817310333252,True
1612490739.83225,Christopher,Fri 05 Feb 2021 02:08:04 +0000,9,9,81,1.4963669776916504,True
1612490739.83225,Christopher,Fri 05 Feb 2021 02:08:06 +0000,1,2,2,1.7885820865631104,True
1612490739.83225,Christopher,Fri 05 Feb 2021 02:08:08 +0000,4,5,20,1.4179232120513916,True
1612490739.83225,Christopher,Fri 05 Feb 2021 02:08:09 +0000,11,9,99,1.4057719707489014,True
1612490739.83225,Christopher,Fri 05 Feb 2021 02:08:11 +0000,11,12,132,1.6760430335998535,True
1612490739.83225,Christopher,Fri 05 Feb 2021 02:08:13 +0000,3,12,36,2.373868703842163,True
1612490739.83225,Christopher,Fri 05 Feb 2021 02:08:16 +0000,6,7,42,3.183927059173584,True
1612490739.83225,Christopher,Fri 05 Feb 2021 02:08:20 +0000,8,3,24,3.5772881507873535,True
1612490739.83225,Christopher,Fri 05 Feb 2021 02:08:21 +0000,2,11,22,1.226247787475586,True
1612490739.83225,Christopher,Fri 05 Feb 2021 02:08:22 +0000,2,1,2,1.2036070823669434,True
1612490739.83225,Christopher,Fri 05 Feb 2021 02:08:24 +0000,5,11,55,1.5074951648712158,True
1612490739.83225,Christopher,Fri 05 Feb 2021 02:08:26 +0000,9,4,36,1.8112115859985352,True
1612490739.83225,Christopher,Fri 05 Feb 2021 02:08:28 +0000,7,5,35,2.3399760723114014,True
1612490739.83225,Christopher,Fri 05 Feb 2021 02:08:30 +0000,5,4,20,2.418961763381958,True
1612490739.83225,Christopher,Fri 05 Feb 2021 02:08:32 +0000,8,10,80,1.7100269794464111,True
1612490739.83225,Christopher,Fri 05 Feb 2021 02:08:41 +0000,6,7,42,3.3861098289489746,True
1612490739.83225,Christopher,Fri 05 Feb 2021 02:08:43 +0000,8,8,64,1.9348249435424805,True
1612490739.83225,Christopher,Fri 05 Feb 2021 02:08:45 +0000,10,9,90,1.4063560962677002,True
1612490739.83225,Christopher,Fri 05 Feb 2021 02:08:47 +0000,10,6,60,2.0924181938171387,True
1612490739.83225,Christopher,Fri 05 Feb 2021 02:08:48 +0000,2,9,18,1.632106065750122,True
1612490739.83225,Christopher,Fri 05 Feb 2021 02:08:50 +0000,6,3,18,1.7656550407409668,True
1612490739.83225,Christopher,Fri 05 Feb 2021 02:08:52 +0000,11,12,132,2.080806016921997,True
1612490739.83225,Christopher,Fri 05 Feb 2021 02:08:54 +0000,8,7,56,2.2503058910369873,True
1612490739.83225,Christopher,Fri 05 Feb 2021 02:08:56 +0000,3,2,6,1.372244119644165,True
1612490739.83225,Christopher,Fri 05 Feb 2021 02:08:57 +0000,11,1,11,1.2151000499725342,True
1612490739.83225,Christopher,Fri 05 Feb 2021 02:08:58 +0000,2,3,6,1.4509968757629395,True
1612490739.83225,Christopher,Fri 05 Feb 2021 02:09:01 +0000,7,6,42,2.2276270389556885,True
1612490739.83225,Christopher,Fri 05 Feb 2021 02:09:02 +0000,10,10,100,1.3277368545532227,True
1612490739.83225,Christopher,Fri 05 Feb 2021 02:09:04 +0000,10,4,40,1.6874580383300781,True
1612490739.83225,Christopher,Fri 05 Feb 2021 02:09:05 +0000,3,5,15,1.5297517776489258,True
1612490739.83225,Christopher,Fri 05 Feb 2021 02:09:07 +0000,2,3,6,1.327329158782959,True
1612490739.83225,Christopher,Fri 05 Feb 2021 02:09:08 +0000,10,10,100,1.3052952289581299,True
1612490739.83225,Christopher,Fri 05 Feb 2021 02:09:11 +0000,4,6,24,2.9022090435028076,True
1612490739.83225,Christopher,Fri 05 Feb 2021 02:09:12 +0000,9,1,9,1.1700248718261719,True
1612490739.83225,Christopher,Fri 05 Feb 2021 02:09:14 +0000,3,9,27,2.160065174102783,True
1612490739.83225,Christopher,Fri 05 Feb 2021 02:09:33 +0000,4,4,16,1.7321150302886963,True
1612490739.83225,Christopher,Fri 05 Feb 2021 02:09:34 +0000,10,6,60,1.6877202987670898,True
1612490739.83225,Christopher,Fri 05 Feb 2021 02:09:37 +0000,7,12,84,2.103929042816162,True
1612490739.83225,Christopher,Fri 05 Feb 2021 02:09:39 +0000,9,2,18,2.31715989112854,True
1612490739.83225,Christopher,Fri 05 Feb 2021 02:09:40 +0000,8,11,88,1.4175021648406982,True
1612490739.83225,Christopher,Fri 05 Feb 2021 02:09:42 +0000,2,5,10,1.563798189163208,True
1612490739.83225,Christopher,Fri 05 Feb 2021 02:09:45 +0000,12,8,96,3.599727153778076,True
1612490739.83225,Christopher,Fri 05 Feb 2021 02:09:47 +0000,3,9,27,1.811471939086914,True
1612490739.83225,Christopher,Fri 05 Feb 2021 02:09:50 +0000,5,4,20,2.6662509441375732,True
1612490739.83225,Christopher,Fri 05 Feb 2021 02:09:51 +0000,1,9,9,1.1474239826202393,True
1612490739.83225,Christopher,Fri 05 Feb 2021 02:09:53 +0000,8,1,8,2.3287789821624756,True
1612490739.83225,Christopher,Fri 05 Feb 2021 02:09:56 +0000,3,12,36,2.193753242492676,True
1612490739.83225,Christopher,Fri 05 Feb 2021 02:09:59 +0000,7,6,42,2.9590961933135986,True
1612490739.83225,Christopher,Fri 05 Feb 2021 02:10:01 +0000,3,8,24,2.136957883834839,True
1612490739.83225,Christopher,Fri 05 Feb 2021 02:10:02 +0000,4,5,20,1.485084056854248,True
1612490739.83225,Christopher,Fri 05 Feb 2021 02:10:03 +0000,4,3,12,1.192868709564209,True
1612490739.83225,Christopher,Fri 05 Feb 2021 02:10:07 +0000,12,7,84,3.5995371341705322,True
1612490739.83225,Christopher,Fri 05 Feb 2021 02:10:08 +0000,12,1,12,1.1925089359283447,True
1612490739.83225,Christopher,Fri 05 Feb 2021 02:10:10 +0000,6,6,36,1.9462828636169434,True
1612490739.83225,Christopher,Fri 05 Feb 2021 02:10:11 +0000,5,1,5,1.3724191188812256,True
1612491040.696049,CHRISTOPHER,Fri 05 Feb 2021 02:10:44 +0000,7,5,35,2.0133540630340576,True
1612491040.696049,CHRISTOPHER,Fri 05 Feb 2021 02:10:45 +0000,1,3,3,1.2147231101989746,True
1612491040.696049,CHRISTOPHER,Fri 05 Feb 2021 02:10:47 +0000,1,6,6,1.6311800479888916,True
1612491040.696049,CHRISTOPHER,Fri 05 Feb 2021 02:10:48 +0000,10,3,30,1.6427159309387207,True
1612491040.696049,CHRISTOPHER,Fri 05 Feb 2021 02:10:50 +0000,10,8,80,1.698458194732666,True
1612491040.696049,CHRISTOPHER,Fri 05 Feb 2021 02:10:51 +0000,1,10,10,1.170100212097168,True
1612491040.696049,CHRISTOPHER,Fri 05 Feb 2021 02:10:53 +0000,2,3,6,1.3498868942260742,True
1612491040.696049,CHRISTOPHER,Fri 05 Feb 2021 02:10:55 +0000,3,10,30,2.013848066329956,True
1612491040.696049,CHRISTOPHER,Fri 05 Feb 2021 02:10:56 +0000,1,3,3,1.0684616565704346,True
1612491040.696049,CHRISTOPHER,Fri 05 Feb 2021 02:10:57 +0000,5,1,5,1.1815500259399414,True
1612491040.696049,CHRISTOPHER,Fri 05 Feb 2021 02:10:58 +0000,3,3,9,1.3724520206451416,True
1612491040.696049,CHRISTOPHER,Fri 05 Feb 2021 02:11:00 +0000,7,2,14,1.4739267826080322,True
1612491040.696049,CHRISTOPHER,Fri 05 Feb 2021 02:11:01 +0000,2,4,8,1.5860581398010254,True
1612491040.696049,CHRISTOPHER,Fri 05 Feb 2021 02:11:04 +0000,5,2,10,2.452371835708618,True
1612491040.696049,CHRISTOPHER,Fri 05 Feb 2021 02:11:05 +0000,3,6,18,1.7325639724731445,True
1612491040.696049,CHRISTOPHER,Fri 05 Feb 2021 02:11:07 +0000,7,4,28,1.6309731006622314,False
1612491099.703302,Christopher,Fri 05 Feb 2021 02:11:44 +0000,5,1,5,1.023848295211792,True
1612491099.703302,Christopher,Fri 05 Feb 2021 02:11:45 +0000,3,5,15,1.8108329772949219,True
1612491099.703302,Christopher,Fri 05 Feb 2021 02:11:48 +0000,5,8,40,2.3510642051696777,True
1612491099.703302,Christopher,Fri 05 Feb 2021 02:11:49 +0000,2,5,10,1.5303289890289307,True
1612491099.703302,Christopher,Fri 05 Feb 2021 02:11:51 +0000,12,12,144,1.9680840969085693,True
1612491099.703302,Christopher,Fri 05 Feb 2021 02:11:53 +0000,7,9,63,2.003000020980835,True
1612491099.703302,Christopher,Fri 05 Feb 2021 02:11:55 +0000,5,10,50,1.361320972442627,True
1612491099.703302,Christopher,Fri 05 Feb 2021 02:11:56 +0000,6,5,30,1.5412039756774902,True
1612491099.703302,Christopher,Fri 05 Feb 2021 02:11:57 +0000,10,2,20,1.2821900844573975,True
1612491099.703302,Christopher,Fri 05 Feb 2021 02:11:59 +0000,5,10,50,1.4177610874176025,True
1612491099.703302,Christopher,Fri 05 Feb 2021 02:12:02 +0000,9,3,27,2.6776041984558105,True
1612491099.703302,Christopher,Fri 05 Feb 2021 02:12:04 +0000,1,2,2,2.114809989929199,True
1612491099.703302,Christopher,Fri 05 Feb 2021 02:12:05 +0000,5,2,10,1.2828710079193115,True
1612491099.703302,Christopher,Fri 05 Feb 2021 02:12:07 +0000,12,12,144,1.720844030380249,True
1612491099.703302,Christopher,Fri 05 Feb 2021 02:12:08 +0000,7,3,21,1.598012924194336,True
1612491099.703302,Christopher,Fri 05 Feb 2021 02:12:11 +0000,9,4,36,2.9017369747161865,True
1612491099.703302,Christopher,Fri 05 Feb 2021 02:12:12 +0000,11,4,44,1.3051550388336182,True
1612491099.703302,Christopher,Fri 05 Feb 2021 02:12:14 +0000,7,8,56,2.013883113861084,True
1612491099.703302,Christopher,Fri 05 Feb 2021 02:12:16 +0000,10,4,40,1.3386948108673096,True
1612491099.703302,Christopher,Fri 05 Feb 2021 02:12:17 +0000,11,12,132,1.6871919631958008,True
1612491099.703302,Christopher,Fri 05 Feb 2021 02:11:44 +0000,5,1,5,1.023848295211792,True
1612491099.703302,Christopher,Fri 05 Feb 2021 02:11:45 +0000,3,5,15,1.8108329772949219,True
1612491099.703302,Christopher,Fri 05 Feb 2021 02:11:48 +0000,5,8,40,2.3510642051696777,True
1612491099.703302,Christopher,Fri 05 Feb 2021 02:11:49 +0000,2,5,10,1.5303289890289307,True
1612491099.703302,Christopher,Fri 05 Feb 2021 02:11:51 +0000,12,12,144,1.9680840969085693,True
1612491099.703302,Christopher,Fri 05 Feb 2021 02:11:53 +0000,7,9,63,2.003000020980835,True
1612491099.703302,Christopher,Fri 05 Feb 2021 02:11:55 +0000,5,10,50,1.361320972442627,True
1612491099.703302,Christopher,Fri 05 Feb 2021 02:11:56 +0000,6,5,30,1.5412039756774902,True
1612491099.703302,Christopher,Fri 05 Feb 2021 02:11:57 +0000,10,2,20,1.2821900844573975,True
1612491099.703302,Christopher,Fri 05 Feb 2021 02:11:59 +0000,5,10,50,1.4177610874176025,True
1612491099.703302,Christopher,Fri 05 Feb 2021 02:12:02 +0000,9,3,27,2.6776041984558105,True
1612491099.703302,Christopher,Fri 05 Feb 2021 02:12:04 +0000,1,2,2,2.114809989929199,True
1612491099.703302,Christopher,Fri 05 Feb 2021 02:12:05 +0000,5,2,10,1.2828710079193115,True
1612491099.703302,Christopher,Fri 05 Feb 2021 02:12:07 +0000,12,12,144,1.720844030380249,True
1612491099.703302,Christopher,Fri 05 Feb 2021 02:12:08 +0000,7,3,21,1.598012924194336,True
1612491099.703302,Christopher,Fri 05 Feb 2021 02:12:11 +0000,9,4,36,2.9017369747161865,True
1612491099.703302,Christopher,Fri 05 Feb 2021 02:12:12 +0000,11,4,44,1.3051550388336182,True
1612491099.703302,Christopher,Fri 05 Feb 2021 02:12:14 +0000,7,8,56,2.013883113861084,True
1612491099.703302,Christopher,Fri 05 Feb 2021 02:12:16 +0000,10,4,40,1.3386948108673096,True
1612491099.703302,Christopher,Fri 05 Feb 2021 02:12:17 +0000,11,12,132,1.6871919631958008,True
1612491099.703302,Christopher,Fri 05 Feb 2021 02:12:45 +0000,3,9,27,1.8562798500061035,True
1612491099.703302,Christopher,Fri 05 Feb 2021 02:12:48 +0000,9,12,108,3.2734429836273193,True
1612491099.703302,Christopher,Fri 05 Feb 2021 02:12:50 +0000,1,9,9,1.1024360656738281,True
1612491099.703302,Christopher,Fri 05 Feb 2021 02:12:52 +0000,12,7,84,2.3624470233917236,True
1612491099.703302,Christopher,Fri 05 Feb 2021 02:12:53 +0000,3,5,15,1.5187923908233643,True
1612491099.703302,Christopher,Fri 05 Feb 2021 02:12:55 +0000,5,9,45,1.9685559272766113,True
1612491099.703302,Christopher,Fri 05 Feb 2021 02:12:59 +0000,12,9,108,3.634420871734619,False
1612491099.703302,Christopher,Fri 05 Feb 2021 02:11:44 +0000,5,1,5,1.023848295211792,True
1612491099.703302,Christopher,Fri 05 Feb 2021 02:11:45 +0000,3,5,15,1.8108329772949219,True
1612491099.703302,Christopher,Fri 05 Feb 2021 02:11:48 +0000,5,8,40,2.3510642051696777,True
1612491099.703302,Christopher,Fri 05 Feb 2021 02:11:49 +0000,2,5,10,1.5303289890289307,True
1612491099.703302,Christopher,Fri 05 Feb 2021 02:11:51 +0000,12,12,144,1.9680840969085693,True
1612491099.703302,Christopher,Fri 05 Feb 2021 02:11:53 +0000,7,9,63,2.003000020980835,True
1612491099.703302,Christopher,Fri 05 Feb 2021 02:11:55 +0000,5,10,50,1.361320972442627,True
1612491099.703302,Christopher,Fri 05 Feb 2021 02:11:56 +0000,6,5,30,1.5412039756774902,True
1612491099.703302,Christopher,Fri 05 Feb 2021 02:11:57 +0000,10,2,20,1.2821900844573975,True
1612491099.703302,Christopher,Fri 05 Feb 2021 02:11:59 +0000,5,10,50,1.4177610874176025,True
1612491099.703302,Christopher,Fri 05 Feb 2021 02:12:02 +0000,9,3,27,2.6776041984558105,True
1612491099.703302,Christopher,Fri 05 Feb 2021 02:12:04 +0000,1,2,2,2.114809989929199,True
1612491099.703302,Christopher,Fri 05 Feb 2021 02:12:05 +0000,5,2,10,1.2828710079193115,True
1612491099.703302,Christopher,Fri 05 Feb 2021 02:12:07 +0000,12,12,144,1.720844030380249,True
1612491099.703302,Christopher,Fri 05 Feb 2021 02:12:08 +0000,7,3,21,1.598012924194336,True
1612491099.703302,Christopher,Fri 05 Feb 2021 02:12:11 +0000,9,4,36,2.9017369747161865,True
1612491099.703302,Christopher,Fri 05 Feb 2021 02:12:12 +0000,11,4,44,1.3051550388336182,True
1612491099.703302,Christopher,Fri 05 Feb 2021 02:12:14 +0000,7,8,56,2.013883113861084,True
1612491099.703302,Christopher,Fri 05 Feb 2021 02:12:16 +0000,10,4,40,1.3386948108673096,True
1612491099.703302,Christopher,Fri 05 Feb 2021 02:12:17 +0000,11,12,132,1.6871919631958008,True
1612491099.703302,Christopher,Fri 05 Feb 2021 02:12:45 +0000,3,9,27,1.8562798500061035,True
1612491099.703302,Christopher,Fri 05 Feb 2021 02:12:48 +0000,9,12,108,3.2734429836273193,True
1612491099.703302,Christopher,Fri 05 Feb 2021 02:12:50 +0000,1,9,9,1.1024360656738281,True
1612491099.703302,Christopher,Fri 05 Feb 2021 02:12:52 +0000,12,7,84,2.3624470233917236,True
1612491099.703302,Christopher,Fri 05 Feb 2021 02:12:53 +0000,3,5,15,1.5187923908233643,True
1612491099.703302,Christopher,Fri 05 Feb 2021 02:12:55 +0000,5,9,45,1.9685559272766113,True
1612491099.703302,Christopher,Fri 05 Feb 2021 02:12:59 +0000,12,9,108,3.634420871734619,False
1612491099.703302,Christopher,Fri 05 Feb 2021 02:13:05 +0000,5,12,60,1.6878588199615479,True
1612491099.703302,Christopher,Fri 05 Feb 2021 02:13:08 +0000,8,4,32,2.9355111122131348,True
1612491099.703302,Christopher,Fri 05 Feb 2021 02:13:10 +0000,2,12,24,2.261157989501953,True
1612491099.703302,Christopher,Fri 05 Feb 2021 02:13:13 +0000,7,6,42,2.5536582469940186,True
1612491099.703302,Christopher,Fri 05 Feb 2021 02:13:14 +0000,10,10,100,1.3502988815307617,True
1612491099.703302,Christopher,Fri 05 Feb 2021 02:13:16 +0000,3,9,27,1.6873409748077393,True
1612491099.703302,Christopher,Fri 05 Feb 2021 02:13:19 +0000,4,8,32,2.6548070907592773,True
1612491099.703302,Christopher,Fri 05 Feb 2021 02:13:24 +0000,8,6,48,5.827667951583862,True
1612491099.703302,Christopher,Fri 05 Feb 2021 02:13:25 +0000,1,2,2,0.9562561511993408,True
1612491099.703302,Christopher,Fri 05 Feb 2021 02:13:28 +0000,5,12,60,3.0150551795959473,True
1612491099.703302,Christopher,Fri 05 Feb 2021 02:13:29 +0000,1,5,5,1.0460431575775146,True
1612491099.703302,Christopher,Fri 05 Feb 2021 02:13:33 +0000,12,4,48,4.106894016265869,True
1612491099.703302,Christopher,Fri 05 Feb 2021 02:13:35 +0000,1,8,8,1.5068199634552002,True
1612491099.703302,Christopher,Fri 05 Feb 2021 02:13:36 +0000,5,4,20,1.4740040302276611,True
1612491099.703302,Christopher,Fri 05 Feb 2021 02:13:38 +0000,3,11,33,1.3609189987182617,True
1612491099.703302,Christopher,Fri 05 Feb 2021 02:13:39 +0000,1,1,1,0.8663320541381836,True
1612491099.703302,Christopher,Fri 05 Feb 2021 02:13:41 +0000,4,4,16,2.441307306289673,True
1612491099.703302,Christopher,Fri 05 Feb 2021 02:13:44 +0000,8,4,32,2.8799688816070557,True
1612491099.703302,Christopher,Fri 05 Feb 2021 02:13:47 +0000,5,10,50,2.925051212310791,True
1612491099.703302,Christopher,Fri 05 Feb 2021 02:13:49 +0000,5,10,50,2.058603048324585,True
